GCA_007011985.1_PDT000337450.1_genomic,"1,3,19"
GCA_010973915.1_PDT000051461.2_genomic,"1,3,19"
GCA_008669555.1_PDT000100887.2_genomic,"1,3,19"
GCA_005995165.1_PDT000201452.2_genomic,"1,3,19"
GCA_015882865.1_PDT000899614.1_genomic,"1,3,19"
GCA_014094755.1_PDT000802906.1_genomic,"1,3,19"
GCA_016060995.1_PDT000913323.1_genomic,"1,3,19"
GCA_011425785.1_PDT000649275.1_genomic,"1,3,19"
GCA_009103545.1_PDT000185598.2_genomic,"1,3,19"
GCA_006740225.1_PDT000368610.2_genomic,"1,3,19"
GCA_008904145.1_PDT000128377.2_genomic,"1,3,19"
GCA_005595155.1_PDT000487022.1_genomic,"1,3,19"
GCA_007267795.1_PDT000344230.1_genomic,"1,3,19"
GCA_008617795.1_PDT000086658.2_genomic,"1,3,19"
GCA_007430765.1_PDT000468655.1_genomic,"1,3,19"
GCA_011434835.1_PDT000055245.2_genomic,"1,3,19"
GCA_019094425.1_PDT001080422.1_genomic,"1,3,19"
GCA_010925595.1_PDT000629684.1_genomic,"1,3,19"
GCA_006983825.1_PDT000380021.1_genomic,"1,3,19"
GCA_020133345.1_PDT001134709.1_genomic,"1,3,19"
GCA_011258095.1_PDT000678713.1_genomic,"1,3,19"
GCA_018284715.1_PDT001019497.1_genomic,"1,3,19"
GCA_004256125.1_PDT000345043.1_genomic,"1,3,19"
GCA_019151245.1_PDT001083514.1_genomic,"1,3,19"
GCA_008196605.1_PDT000575123.1_genomic,"1,3,19"
GCA_006782045.1_PDT000358643.2_genomic,"1,3,19"
GCA_006850485.1_PDT000039454.2_genomic,"1,3,19"
GCA_006693805.1_PDT000060675.3_genomic,"1,3,19"
GCA_006457415.1_PDT000522749.1_genomic,"1,3,19"
GCA_010553605.1_PDT000130476.2_genomic,"1,3,19"
GCA_006097555.1_PDT000127562.2_genomic,"1,3,19"
GCA_014580775.1_PDT000725191.1_genomic,"1,3,19"
GCA_011599225.1_PDT000624128.1_genomic,"1,3,19"
GCA_002030925.1_ASM203092v1_genomic,"1,3,19"
GCA_005610895.1_PDT000312685.3_genomic,"1,3,19"
GCA_007818965.1_PDT000077381.4_genomic,"1,3,19"
GCA_006203485.1_PDT000293074.2_genomic,"1,3,19"
GCA_007048605.1_PDT000235165.2_genomic,"1,3,19"
GCA_006551795.1_PDT000359021.1_genomic,"1,3,19"
GCA_009553475.1_PDT000244534.2_genomic,"1,3,19"
GCA_007606965.1_PDT000476719.1_genomic,"1,3,19"
GCA_007561025.1_PDT000290317.2_genomic,"1,3,19"
GCA_020825955.1_PDT001172885.1_genomic,"1,3,19"
GCA_015054725.1_PDT000857431.1_genomic,"1,3,19"
GCA_008824885.1_PDT000106146.2_genomic,"1,3,19"
GCA_006531455.1_PDT000532361.1_genomic,"1,3,19"
GCA_004220805.1_PDT000405249.1_genomic,"1,3,19"
GCA_007250795.1_PDT000339652.1_genomic,"1,3,19"
GCA_010641665.1_PDT000044665.3_genomic,"1,3,19"
GCA_008825145.1_PDT000106144.2_genomic,"1,3,19"
GCA_015880125.1_PDT000900943.1_genomic,"1,3,19"
GCA_018484385.1_PDT001024899.1_genomic,"1,3,19"
GCA_014537905.1_PDT000836050.1_genomic,"1,3,19"
GCF_040797915.1_ASM4079791v1_genomic,"1,3,19"
GCA_006254035.1_PDT000267770.2_genomic,"1,3,19"
GCA_011354565.1_PDT000668433.2_genomic,"1,3,19"
GCA_011797975.1_PDT000685842.1_genomic,"1,3,19"
GCA_002043365.1_ASM204336v1_genomic,"1,3,19"
GCA_009350525.1_PDT000616919.1_genomic,"1,3,19"
GCA_011076735.1_PDT000042818.4_genomic,"1,3,19"
GCF_032906985.1_ASM3290698v1_genomic,"1,3,19"
GCA_016572815.1_PDT000928902.1_genomic,"1,3,19"
GCA_006998805.1_PDT000341894.1_genomic,"1,3,19"
GCA_005820585.1_PDT000429072.1_genomic,"1,3,19"
GCA_005981445.1_PDT000173395.2_genomic,"1,3,19"
GCA_018277325.1_PDT001018692.1_genomic,"1,3,19"
GCA_019870525.1_PDT001122643.1_genomic,"1,3,19"
GCA_006918995.1_PDT000171495.2_genomic,"1,3,19"
GCA_010578445.1_PDT000283671.2_genomic,"1,3,19"
GCA_009244685.1_PDT000211269.2_genomic,"1,3,19"
GCA_019094385.1_PDT001080424.1_genomic,"1,3,19"
GCA_014759985.1_PDT000724954.1_genomic,"1,3,19"
GCA_020825215.1_PDT001172862.1_genomic,"1,3,19"
GCA_006755725.1_PDT000001939.6_genomic,"1,3,19"
GCA_005493505.1_PDT000473273.1_genomic,"1,3,19"
GCA_014605515.1_PDT000836542.1_genomic,"1,3,19"
GCA_006569865.1_PDT000128367.2_genomic,"1,3,19"
GCA_014987185.1_PDT000862795.1_genomic,"1,3,19"
GCA_007083685.1_PDT000257285.2_genomic,"1,3,19"
GCA_014817805.1_PDT000850132.1_genomic,"1,3,19"
GCA_008026695.1_PDT000045707.3_genomic,"1,3,19"
GCA_006863385.1_PDT000001813.3_genomic,"1,3,19"
GCA_008410745.1_PDT000123490.2_genomic,"1,3,19"
GCA_006689305.1_PDT000037270.4_genomic,"1,3,19"
GCA_014744635.1_PDT000844728.1_genomic,"1,3,19"
GCA_005479515.1_PDT000434014.1_genomic,"1,3,19"
GCA_006938995.1_PDT000162226.2_genomic,"1,3,19"
GCA_010808505.1_PDT000650463.1_genomic,"1,3,19"
GCA_005533055.1_PDT000085425.2_genomic,"1,3,19"
GCA_005758055.1_PDT000222661.2_genomic,"1,3,19"
GCA_007770105.1_PDT000329617.1_genomic,"1,3,19"
GCA_008428205.1_PDT000141545.2_genomic,"1,3,19"
GCA_010806465.1_PDT000660123.1_genomic,"1,3,19"
GCA_005588585.1_PDT000478782.1_genomic,"1,3,19"
GCF_040797905.1_ASM4079790v1_genomic,"1,3,19"
GCA_013642675.1_PDT000773173.1_genomic,"1,3,19"
GCA_005529555.1_PDT000467940.1_genomic,"1,3,19"
GCA_005986245.1_PDT000185578.2_genomic,"1,3,19"
GCA_005762355.1_PDT000358631.1_genomic,"1,3,19"
GCA_008729415.1_PDT000097051.2_genomic,"1,3,19"
GCA_015540625.1_PDT000892052.1_genomic,11
GCA_008527855.1_PDT000213123.2_genomic,11
GCA_005676935.1_PDT000113098.2_genomic,11
GCA_006318125.1_PDT000297127.2_genomic,11
GCA_006953865.1_PDT000163722.2_genomic,11
GCA_020078145.1_PDT001134146.1_genomic,11
GCA_006024035.1_PDT000095568.3_genomic,11
GCA_016298645.1_PDT000920980.1_genomic,11
GCA_011102835.1_PDT000115371.2_genomic,11
GCA_013508675.1_PDT000784125.1_genomic,11
GCA_006902345.1_PDT000133233.2_genomic,11
GCA_006092875.1_PDT000096760.2_genomic,11
GCA_006840505.1_PDT000001157.2_genomic,11
GCA_007848115.1_PDT000549620.1_genomic,11
GCA_007283355.1_PDT000350669.1_genomic,11
GCA_011416135.1_PDT000000350.4_genomic,11
GCA_006880845.1_PDT000093048.2_genomic,11
GCA_011527385.1_PDT000053352.2_genomic,11
GCA_006912455.1_PDT000152267.2_genomic,11
GCA_008378365.1_PDT000583096.1_genomic,11
GCA_014249895.1_PDT000814713.1_genomic,11
GCA_006017555.1_PDT000060412.2_genomic,11
GCA_020265405.1_PDT001143735.1_genomic,11
GCA_005958165.1_PDT000100192.2_genomic,11
GCA_013631915.1_PDT000773734.1_genomic,11
GCA_006089075.1_PDT000060440.2_genomic,11
GCA_006043695.1_PDT000187356.2_genomic,11
GCA_006852205.1_PDT000042144.2_genomic,11
GCA_003067945.1_ASM306794v1_genomic,11
GCA_011336485.1_PDT000672075.1_genomic,11
GCA_005534715.1_PDT000196562.2_genomic,11
GCA_011529565.1_PDT000282423.2_genomic,11
GCA_006888285.1_PDT000096766.2_genomic,11
GCA_007269855.1_PDT000345058.1_genomic,11
GCA_011600505.1_PDT000282633.2_genomic,11
GCA_006887825.1_PDT000098611.2_genomic,11
GCA_007076645.1_PDT000250958.2_genomic,11
GCA_016350045.1_PDT000922597.1_genomic,11
GCA_001835365.1_ASM183536v1_genomic,11
GCA_006888645.1_PDT000096778.2_genomic,11
GCA_011208045.1_PDT000664594.1_genomic,11
GCA_015481445.1_PDT000889737.1_genomic,11
GCA_006905025.1_PDT000140694.2_genomic,11
GCA_008655335.1_PDT000095513.2_genomic,11
GCA_003900335.1_PDT000349820.1_genomic,11
GCA_019362595.1_ASM1936259v1_genomic,11
GCA_019556815.1_PDT001101972.1_genomic,11
GCA_007511405.1_PDT000458857.1_genomic,11
GCA_009370215.1_PDT000226008.2_genomic,11
GCA_005956335.1_PDT000096765.2_genomic,11
GCA_005559855.1_PDT000410319.1_genomic,11
GCA_006943325.1_PDT000179287.2_genomic,11
GCA_019361835.1_ASM1936183v1_genomic,11
GCA_019517705.1_ASM1951770v1_genomic,11
GCA_014573035.1_PDT000727267.1_genomic,11
GCF_900456285.1_46983_E02_genomic,11
GCA_011225025.1_PDT000674576.1_genomic,11
GCA_007296975.1_PDT000378447.1_genomic,11
GCA_004220625.1_PDT000265947.2_genomic,11
GCA_008971465.1_PDT000603737.1_genomic,11
GCA_005898985.1_PDT000002148.3_genomic,11
GCA_007591685.1_PDT000459977.1_genomic,11
GCA_020220695.1_PDT001143278.1_genomic,11
GCA_015010275.1_PDT000859181.2_genomic,11
GCA_005940845.1_PDT000043912.2_genomic,11
GCA_006598965.1_PDT000350157.1_genomic,11
GCA_014993605.1_PDT000862780.1_genomic,11
GCA_006035135.1_PDT000201061.2_genomic,11
GCA_006188145.1_PDT000278808.2_genomic,11
GCA_010294865.1_PDT000602308.1_genomic,11
GCA_015100735.1_PDT000855712.1_genomic,11
GCA_013540775.1_PDT000781724.1_genomic,11
GCA_008825005.1_PDT000122133.2_genomic,11
GCA_010757675.1_PDT000199405.2_genomic,11
GCA_011448255.1_PDT000029775.3_genomic,11
GCA_011507145.1_PDT000706370.1_genomic,11
GCA_007743035.1_PDT000046917.5_genomic,11
GCA_010664565.1_PDT000002108.2_genomic,11
GCA_005909665.1_PDT000504657.1_genomic,11
GCA_008825745.1_PDT000598934.1_genomic,11
GCA_007743935.1_PDT000042220.4_genomic,11
GCA_006141875.1_PDT000237194.2_genomic,11
GCA_017264375.1_PDT000938854.1_genomic,11
GCA_004223685.1_PDT000216224.2_genomic,11
GCA_006869865.1_PDT000060432.2_genomic,11
GCA_005898205.1_PDT000393149.1_genomic,11
GCA_020097955.1_PDT001135890.1_genomic,11
GCA_008437445.1_PDT000233476.2_genomic,11
GCA_006943985.1_PDT000187381.2_genomic,11
GCA_006890365.1_PDT000103628.2_genomic,11
GCA_009492985.1_PDT000234757.2_genomic,11
GCA_005957425.1_PDT000098676.2_genomic,11
GCA_007269915.1_PDT000345110.1_genomic,11
GCA_018037645.1_PDT000888272.1_genomic,11
GCA_011296495.1_PDT000674215.1_genomic,11
GCA_006658245.1_PDT000350853.1_genomic,11
GCA_019784445.1_PDT001117327.1_genomic,11
GCA_010458685.1_PDT000641568.1_genomic,11
GCA_009515015.1_PDT000250340.2_genomic,11
GCA_019596795.1_PDT001108883.1_genomic,11
GCA_011649655.1_PDT000282168.2_genomic,13
GCA_011567785.1_PDT000629975.1_genomic,13
GCA_010817445.1_PDT000649990.1_genomic,13
GCA_011740235.1_PDT000712463.1_genomic,13
GCA_013837285.1_PDT000797802.1_genomic,13
GCA_018039545.1_PDT000873622.1_genomic,13
GCA_008698055.1_PDT000232387.2_genomic,13
GCA_014291915.1_PDT000820012.1_genomic,13
GCA_004192835.1_PDT000048628.5_genomic,13
GCA_006465345.1_PDT000523879.1_genomic,13
GCA_014997865.1_PDT000863926.1_genomic,13
GCA_006397635.1_PDT000505155.1_genomic,13
GCA_020261725.1_PDT000837604.1_genomic,13
GCA_004218145.1_PDT000152247.2_genomic,13
GCA_020656055.1_PDT001163343.1_genomic,13
GCA_015852985.1_PDT000903506.1_genomic,13
GCA_005430635.1_PDT000482292.1_genomic,13
GCA_006661905.1_PDT000353741.1_genomic,13
GCA_020601075.1_PDT001160388.1_genomic,13
GCA_007527865.1_PDT000476736.1_genomic,13
GCA_003894975.1_PDT000384760.1_genomic,13
GCA_006635945.1_PDT000190209.2_genomic,13
GCA_007240615.1_PDT000337983.1_genomic,13
GCA_013448795.1_PDT000792745.1_genomic,13
GCA_019465835.1_PDT001104710.1_genomic,13
GCA_003742565.1_PDT000397340.1_genomic,13
GCA_010402735.1_PDT000650509.1_genomic,13
GCA_020424725.1_PDT001148775.1_genomic,13
GCA_019143175.1_PDT001082804.1_genomic,13
GCA_020046445.1_PDT001131920.1_genomic,13
GCA_010769395.1_PDT000213906.2_genomic,13
GCA_015178645.1_PDT000873612.1_genomic,13
GCA_015374865.1_PDT000885281.1_genomic,13
GCA_006145495.1_PDT000509216.1_genomic,13
GCA_019557055.1_PDT001102010.1_genomic,13
GCA_013106175.1_PDT000733725.1_genomic,13
GCA_006487285.1_PDT000526266.1_genomic,13
GCA_007366385.1_PDT000414321.1_genomic,13
GCA_006499895.1_PDT000245848.2_genomic,13
GCA_010508755.1_PDT000041415.2_genomic,13
GCA_006932795.1_PDT000320303.1_genomic,13
GCA_005759375.1_PDT000336248.1_genomic,13
GCA_015949675.1_ASM1594967v1_genomic,13
GCA_014345335.1_PDT000826631.1_genomic,13
GCA_019083665.1_PDT001079688.1_genomic,13
GCA_019647635.1_PDT001109959.1_genomic,13
GCA_010980435.1_PDT000626852.1_genomic,13
GCA_010541145.1_PDT000114412.2_genomic,13
GCA_019908935.1_PDT001125731.1_genomic,13
GCA_006893595.1_PDT000105622.2_genomic,13
GCA_014067115.1_PDT000802023.1_genomic,13
GCA_021071845.1_PDT001197251.1_genomic,13
GCA_013617675.1_PDT000774178.1_genomic,13
GCA_002045725.1_ASM204572v1_genomic,13
GCA_019697125.1_PDT001112988.1_genomic,13
GCA_014907685.1_PDT000861435.1_genomic,13
GCA_007826465.1_PDT000549417.1_genomic,13
GCA_020513355.1_PDT001151646.1_genomic,13
GCA_006113445.1_PDT000212253.2_genomic,13
GCA_010496475.1_PDT000303580.2_genomic,13
GCF_001569625.1_ASM156962v1_genomic,13
GCA_007951365.1_PDT000555744.1_genomic,13
GCA_010693945.1_PDT000041355.3_genomic,13
GCA_011145115.1_PDT000285663.2_genomic,13
GCA_020599655.1_PDT001160515.1_genomic,13
GCA_010541325.1_PDT000151798.2_genomic,13
GCA_019497965.1_PDT001106180.1_genomic,13
GCF_022603445.1_ASM2260344v1_genomic,13
GCA_011599525.1_PDT000623267.1_genomic,13
GCA_010470185.1_PDT000200682.2_genomic,13
GCA_008589265.1_PDT000587313.1_genomic,13
GCA_007452025.1_PDT000537694.1_genomic,13
GCA_020459185.1_PDT001149247.1_genomic,13
GCA_020823475.1_PDT001172617.1_genomic,13
GCA_007170835.1_PDT000329778.1_genomic,13
GCA_008700825.1_PDT000249343.2_genomic,13
GCA_006623265.1_PDT000368331.1_genomic,13
GCA_010529635.1_PDT000247289.2_genomic,13
GCA_007487985.1_PDT000300489.2_genomic,13
GCA_005951845.1_PDT000069312.2_genomic,13
GCA_020897695.1_PDT001178039.1_genomic,13
GCA_020262945.1_PDT000831796.1_genomic,13
GCA_018049565.1_PDT000843234.1_genomic,13
GCA_007363635.1_PDT000413183.1_genomic,13
GCA_006912835.1_PDT000153060.2_genomic,13
GCA_008591345.1_PDT000587428.1_genomic,13
GCA_018750915.1_PDT001058995.1_genomic,13
GCA_007338435.1_PDT000396258.1_genomic,13
GCA_010615625.1_PDT000269142.2_genomic,13
GCA_005684715.1_PDT000381976.1_genomic,13
GCA_008653375.1_PDT000085542.2_genomic,13
GCA_019277055.1_PDT001090737.1_genomic,13
GCA_018620055.1_PDT001057308.1_genomic,13
GCA_020705535.1_PDT001166746.1_genomic,13
GCA_006313725.1_PDT000283317.2_genomic,13
GCA_010973615.1_PDT000266056.2_genomic,13
GCA_019504025.1_PDT001105961.1_genomic,13
GCA_020772275.1_PDT001169069.1_genomic,13
GCA_010812825.1_PDT000639963.1_genomic,13
GCA_008439225.1_PDT000288319.2_genomic,13
GCA_009280945.1_PDT000212147.2_genomic,16
GCA_020225695.1_PDT001142749.1_genomic,16
GCA_014613735.1_PDT000837826.1_genomic,16
GCA_011088425.1_PDT000043049.4_genomic,16
GCA_018114465.1_PDT001009760.1_genomic,16
GCF_050565005.1_ASM5056500v1_genomic,16
GCA_011168965.1_PDT000275176.2_genomic,16
GCA_020092745.1_ASM2009274v1_genomic,16
GCA_019550265.1_PDT001107349.1_genomic,16
GCF_048452205.1_ASM4845220v1_genomic,16
GCA_007041605.1_PDT000231793.2_genomic,16
GCA_010489195.1_PDT000646330.1_genomic,16
GCF_020176575.1_ASM2017657v1_genomic,16
GCA_019858765.1_PDT001121779.1_genomic,16
GCF_048452305.1_ASM4845230v1_genomic,16
GCA_013526375.1_PDT000787142.1_genomic,16
GCA_005438295.1_PDT000303585.2_genomic,16
GCA_006889125.1_PDT000098674.2_genomic,16
GCA_007599555.1_PDT000472674.1_genomic,16
GCA_013270495.1_ASM1327049v1_genomic,16
GCA_014291315.1_PDT000820018.1_genomic,16
GCA_017344795.1_PDT000982943.1_genomic,16
GCA_011691195.1_PDT000689077.1_genomic,16
GCA_010419205.1_PDT000641949.1_genomic,16
GCA_019168385.1_PDT001085344.1_genomic,16
GCA_011237235.1_PDT000678145.1_genomic,16
GCA_020963235.1_PDT001183178.1_genomic,16
GCA_020296665.1_ASM2029666v1_genomic,16
GCA_011669425.1_PDT000678157.1_genomic,16
GCA_013210185.1_ASM1321018v1_genomic,16
GCA_018114925.1_PDT001009741.1_genomic,16
GCA_006007985.1_PDT000000369.2_genomic,16
GCA_017022955.1_PDT000957056.1_genomic,16
GCA_006113565.1_PDT000215016.2_genomic,16
GCA_006878405.1_PDT000068745.2_genomic,16
GCA_007440755.1_PDT000475649.1_genomic,16
GCA_011342925.1_PDT000674033.1_genomic,16
GCA_011296555.1_PDT000674229.1_genomic,16
GCA_004218225.1_PDT000185672.2_genomic,16
GCA_007601925.1_PDT000473766.1_genomic,16
GCF_020296825.1_ASM2029682v1_genomic,16
GCA_006639445.1_PDT000310969.2_genomic,16
GCA_008038715.1_PDT000558418.1_genomic,16
GCA_011335385.1_PDT000668840.1_genomic,16
GCA_020030375.1_PDT001131635.1_genomic,16
GCA_007269445.1_PDT000344291.1_genomic,16
GCA_010841325.1_PDT000663648.1_genomic,16
GCA_006733965.1_PDT000365374.1_genomic,16
GCA_005839325.1_PDT000478518.1_genomic,16
GCA_020296785.1_ASM2029678v1_genomic,16
GCA_006972925.1_PDT000216207.2_genomic,16
GCA_010655645.1_PDT000004393.4_genomic,16
GCA_010707235.1_PDT000658782.1_genomic,16
GCA_006083875.1_PDT000036338.3_genomic,16
GCA_011124165.1_PDT000241235.2_genomic,16
GCA_006025455.1_PDT000108077.2_genomic,16
GCA_013269605.1_ASM1326960v1_genomic,16
GCA_020779015.1_PDT001169911.1_genomic,16
GCA_008354765.1_PDT000581196.1_genomic,16
GCA_007305395.1_PDT000382407.1_genomic,16
GCA_013270375.1_ASM1327037v1_genomic,16
GCA_011356305.1_PDT000668204.2_genomic,16
GCA_020176615.1_ASM2017661v1_genomic,16
GCA_011662005.1_PDT000688596.1_genomic,16
GCA_011115195.1_PDT000189004.2_genomic,16
GCA_006839445.1_PDT000003499.2_genomic,16
GCA_010368905.1_PDT000055263.2_genomic,16
GCA_013275185.1_ASM1327518v1_genomic,16
GCA_011403325.1_PDT000649545.1_genomic,16
GCA_005936185.1_PDT000039168.3_genomic,16
GCA_013270065.1_ASM1327006v1_genomic,16
GCF_041122445.1_ASM4112244v1_genomic,16
GCA_020359755.1_PDT001145907.1_genomic,16
GCA_006846645.1_PDT000036500.3_genomic,16
GCA_011592735.1_PDT000282616.2_genomic,16
GCA_018483365.1_PDT001024743.1_genomic,16
GCA_010547365.1_PDT000134536.2_genomic,16
GCF_020296325.1_ASM2029632v1_genomic,16
GCA_011728575.1_PDT000711328.1_genomic,16
GCA_009582685.1_PDT000623093.1_genomic,16
GCA_011794485.1_PDT000684953.1_genomic,16
GCA_013271715.1_ASM1327171v1_genomic,16
GCA_011496525.1_PDT000683003.1_genomic,16
GCF_020296345.1_ASM2029634v1_genomic,16
GCA_011707595.1_PDT000709036.1_genomic,16
GCA_005676915.1_PDT000112728.2_genomic,16
GCA_016627905.1_PDT000931567.1_genomic,16
GCA_010929375.1_PDT000632156.1_genomic,16
GCA_006830315.1_PDT000362610.1_genomic,16
GCA_019358115.1_PDT001096394.1_genomic,16
GCA_020734265.1_PDT001167553.1_genomic,16
GCA_006073315.1_PDT000303542.2_genomic,16
GCA_003890855.1_PDT000342750.1_genomic,16
GCA_007077685.1_PDT000249380.2_genomic,16
GCA_017492125.1_PDT000986292.1_genomic,16
GCA_010885515.1_PDT000307746.2_genomic,16
GCA_011221155.1_PDT000674258.1_genomic,16
GCA_010734155.1_PDT000143612.2_genomic,16
GCA_007271195.1_PDT000345132.1_genomic,16
GCA_006306645.1_PDT000267615.2_genomic,16
GCA_007631575.1_PDT000284114.2_genomic,18
GCA_010157755.1_PDT000278408.2_genomic,18
GCA_003121195.1_ASM312119v1_genomic,18
GCA_006909865.1_PDT000150000.2_genomic,18
GCA_010443315.1_PDT000144738.2_genomic,18
GCA_011596845.1_PDT000045699.3_genomic,18
GCA_014355455.1_PDT000824037.1_genomic,18
GCA_014470415.1_PDT000829030.1_genomic,18
GCA_005595075.1_PDT000486458.1_genomic,18
GCA_005448305.1_PDT000386265.1_genomic,18
GCA_008683025.1_ASM868302v1_genomic,18
GCA_005621035.1_PDT000390682.1_genomic,18
GCA_000505225.1_CFSAN001673_01.0_genomic,18
GCA_014703565.1_PDT000842005.1_genomic,18
GCA_003870235.1_PDT000043995.3_genomic,18
GCA_005942265.1_PDT000046359.2_genomic,18
GCA_006640345.1_PDT000319565.1_genomic,18
GCA_006912315.1_PDT000152093.2_genomic,18
GCA_010695245.1_PDT000042993.4_genomic,18
GCA_010755715.1_PDT000167804.2_genomic,18
GCA_010454775.1_PDT000177723.2_genomic,18
GCA_020132345.1_PDT001134648.1_genomic,18
GCA_006914935.1_PDT000153133.2_genomic,18
GCA_010529955.1_PDT000221488.2_genomic,18
GCA_002106035.1_ASM210603v1_genomic,18
GCA_005826765.1_PDT000447381.1_genomic,18
GCA_006214285.1_PDT000510900.1_genomic,18
GCA_013639855.1_PDT000773352.1_genomic,18
GCA_007242035.1_PDT000338110.1_genomic,18
GCA_010383185.1_PDT000645895.1_genomic,18
GCA_015908425.1_PDT000908108.1_genomic,18
GCA_014050875.1_PDT000801480.1_genomic,18
GCA_010539615.1_PDT000101884.2_genomic,18
GCA_005591995.1_PDT000481157.1_genomic,18
GCA_006782405.1_PDT000359353.1_genomic,18
GCA_008428125.1_PDT000141542.2_genomic,18
GCA_010755315.1_PDT000197565.2_genomic,18
GCA_019842865.1_PDT001120831.1_genomic,18
GCA_002105795.1_ASM210579v1_genomic,18
GCA_020913045.1_PDT001179258.1_genomic,18
GCA_004223525.1_PDT000409459.1_genomic,18
GCA_019858465.1_PDT001121771.1_genomic,18
GCA_011243195.1_PDT000679019.1_genomic,18
GCA_006524635.1_PDT000440399.1_genomic,18
GCA_011713935.1_PDT000709608.1_genomic,18
GCA_009483565.1_PDT000621081.1_genomic,18
GCA_005482455.1_PDT000448297.1_genomic,18
GCA_008687275.1_ASM868727v1_genomic,18
GCA_001043095.1_ASM104309v1_genomic,18
GCA_005559175.1_PDT000409565.1_genomic,18
GCA_014368685.1_PDT000801355.1_genomic,18
GCA_008813375.1_PDT000598024.1_genomic,18
GCA_010580345.1_PDT000277007.2_genomic,18
GCA_010717455.1_PDT000224699.2_genomic,18
GCA_006523875.1_PDT000433921.1_genomic,18
GCA_006950285.1_PDT000201888.2_genomic,18
GCA_011109515.1_PDT000162059.2_genomic,18
GCA_007157585.1_PDT000326371.1_genomic,18
GCA_007241535.1_PDT000338065.1_genomic,18
GCA_008667235.1_PDT000590176.1_genomic,18
GCA_019066985.1_PDT001078812.1_genomic,18
GCA_006100215.1_PDT000150015.2_genomic,18
GCA_014372645.1_PDT000785148.1_genomic,18
GCA_005904365.1_PDT000486395.1_genomic,18
GCA_008413425.1_PDT000125889.2_genomic,18
GCA_010573845.1_PDT000205239.2_genomic,18
GCA_017249895.1_PDT000938980.1_genomic,18
GCA_017847375.1_PDT000999924.1_genomic,18
GCA_010789195.1_PDT000146445.2_genomic,18
GCA_010775075.1_PDT000265096.2_genomic,18
GCA_010702275.1_PDT000003255.5_genomic,18
GCA_011434435.1_PDT000002695.3_genomic,18
GCA_010530195.1_PDT000236953.2_genomic,18
GCA_006524295.1_PDT000433943.1_genomic,18
GCA_003871255.1_PDT000046372.2_genomic,18
GCA_016976375.1_PDT000968601.1_genomic,18
GCA_006526695.1_PDT000464002.1_genomic,18
GCA_018111305.1_PDT001009526.1_genomic,18
GCA_005583155.1_PDT000465547.1_genomic,18
GCA_005976565.1_PDT000162678.2_genomic,18
GCA_005942385.1_PDT000046416.2_genomic,18
GCA_011241915.1_PDT000678280.1_genomic,18
GCA_019858865.1_PDT001121730.1_genomic,18
GCA_009579205.1_PDT000268258.2_genomic,18
GCA_014372525.1_PDT000785152.1_genomic,18
GCA_007108725.1_PDT000273592.2_genomic,18
GCA_019286315.1_PDT001092868.1_genomic,18
GCA_010719915.1_PDT000222728.2_genomic,18
GCA_006642865.1_PDT000322421.1_genomic,18
GCA_006524515.1_PDT000433985.1_genomic,18
GCA_010751295.1_PDT000178763.2_genomic,18
GCA_010474125.1_PDT000272551.2_genomic,18
GCA_007860505.1_PDT000550405.1_genomic,18
GCA_010397725.1_PDT000211283.2_genomic,18
GCA_007340645.1_PDT000398428.1_genomic,18
GCA_005435855.1_PDT000048193.2_genomic,18
GCA_005537875.1_PDT000356631.1_genomic,18
GCA_002033645.1_ASM203364v1_genomic,18
GCA_010758975.1_PDT000200262.2_genomic,18
GCA_010653845.1_PDT000258255.2_genomic,18
GCA_006711965.1_PDT000334472.1_genomic,2
GCA_009007895.1_PDT000604412.1_genomic,2
GCA_011731005.1_PDT000710308.1_genomic,2
GCA_000984175.1_PA069_genomic,2
GCA_011701515.1_PDT000689010.1_genomic,2
GCA_017946365.1_PDT001005187.1_genomic,2
GCA_007784165.1_PDT000466258.1_genomic,2
GCA_014563355.1_PDT000730473.1_genomic,2
GCA_009246105.1_PDT000211722.2_genomic,2
GCA_017495725.1_PDT000986655.1_genomic,2
GCA_014621035.1_PDT000837414.1_genomic,2
GCA_002808775.1_HZ129_genomic,2
GCA_019937635.1_PDT001127321.1_genomic,2
GCA_016967615.1_PDT000970068.1_genomic,2
GCA_010506315.1_PDT000042845.4_genomic,2
GCA_014761525.1_PDT000267321.5_genomic,2
GCA_007780025.1_PDT000414324.1_genomic,2
GCA_006327625.1_PDT000310948.2_genomic,2
GCA_018275925.1_PDT001018763.1_genomic,2
GCA_010798075.1_PDT000646724.1_genomic,2
GCA_010371345.1_PDT000099890.2_genomic,2
GCA_011297395.1_PDT000676962.1_genomic,2
GCA_011244375.1_PDT000676954.1_genomic,2
GCF_002809105.1_HZ123_genomic,2
GCA_011351585.1_PDT000676936.1_genomic,2
GCA_007517845.1_PDT000469624.1_genomic,2
GCA_016364225.1_PDT000225047.2_genomic,2
GCA_007779165.1_PDT000395777.1_genomic,2
GCA_002809085.1_HZ126_genomic,2
GCA_011207055.1_PDT000668555.2_genomic,2
GCA_007591425.1_PDT000464383.1_genomic,2
GCA_006114725.1_PDT000213616.2_genomic,2
GCA_010765035.1_PDT000211795.2_genomic,2
GCA_017137195.1_PDT000948404.1_genomic,2
GCA_002809565.1_HZ073_genomic,2
GCA_008863965.1_PDT000601886.1_genomic,2
GCA_007781565.1_PDT000464301.1_genomic,2
GCF_050411635.1_ASM5041163v1_genomic,2
GCA_011294515.1_PDT000705783.1_genomic,2
GCA_000984795.1_PA087_genomic,2
GCA_017080995.1_PDT000950378.1_genomic,2
GCA_007649695.1_PDT000351191.1_genomic,2
GCA_007788735.1_PDT000472823.1_genomic,2
GCA_010627005.1_PDT000237378.2_genomic,2
GCA_007586855.1_PDT000458059.1_genomic,2
GCA_007580645.1_PDT000342730.1_genomic,2
GCA_010703465.1_PDT000053063.2_genomic,2
GCA_010751895.1_PDT000180242.2_genomic,2
GCA_011297375.1_PDT000676946.1_genomic,2
GCA_007788395.1_PDT000471206.1_genomic,2
GCA_020801295.1_PDT001170420.1_genomic,2
GCA_009577225.1_PDT000267510.2_genomic,2
GCA_011623985.1_PDT000283668.2_genomic,2
GCA_011595425.1_PDT000288061.2_genomic,2
GCA_005915205.1_PDT000504817.1_genomic,2
GCA_010422185.1_PDT000659252.1_genomic,2
GCA_009127005.1_PDT000605026.1_genomic,2
GCA_011254175.1_PDT000676853.1_genomic,2
GCA_000985475.1_PA125_genomic,2
GCA_010727065.1_PDT000237373.2_genomic,2
GCA_007486065.1_PDT000290216.2_genomic,2
GCA_002808865.1_HZ331_genomic,2
GCA_010833465.1_PDT000663665.1_genomic,2
GCA_005919365.1_PDT000505039.1_genomic,2
GCA_009056605.1_PDT000171953.2_genomic,2
GCA_007600075.1_PDT000472778.1_genomic,2
GCA_006486465.1_PDT000526329.1_genomic,2
GCA_007576605.1_PDT000316619.1_genomic,2
GCA_010742225.1_PDT000654004.1_genomic,2
GCA_003884755.1_PDT000325960.1_genomic,2
GCA_007749235.1_PDT000056274.3_genomic,2
GCA_010691345.1_PDT000058654.2_genomic,2
GCA_007812595.1_PDT000542777.1_genomic,2
GCA_017190115.1_PDT000943354.1_genomic,2
GCA_000984815.1_PA130_genomic,2
GCA_011547955.1_PDT000634741.1_genomic,2
GCA_005636835.1_PDT000410306.1_genomic,2
GCA_002809005.1_HZ316_genomic,2
GCA_008597005.1_PDT000587747.1_genomic,2
GCA_013656755.1_PDT000771582.1_genomic,2
GCA_009582545.1_PDT000623098.1_genomic,2
GCA_000985015.1_PA053_genomic,2
GCA_007765175.1_PDT000237370.2_genomic,2
GCA_010664615.1_PDT000053913.2_genomic,2
GCA_018773665.1_PDT001063025.1_genomic,2
GCA_006419575.1_PDT000520566.1_genomic,2
GCA_010746055.1_PDT000654039.1_genomic,2
GCF_039650755.1_ASM3965075v1_genomic,2
GCA_000984295.1_PA135_genomic,2
GCA_011425095.1_PDT000660499.1_genomic,2
GCA_005598935.1_PDT000491200.1_genomic,2
GCA_020136715.1_PDT001134632.1_genomic,2
GCA_015822625.1_PDT000902951.1_genomic,2
GCA_007780345.1_PDT000415326.1_genomic,2
GCA_014620895.1_PDT000837415.1_genomic,2
GCA_007771405.1_PDT000330497.1_genomic,2
GCA_006940215.1_PDT000163700.2_genomic,2
GCA_010887915.1_PDT000293059.2_genomic,2
GCA_006711485.1_PDT000334361.1_genomic,2
GCA_007908625.1_PDT000342442.1_genomic,2
GCA_020842145.1_PDT001173647.1_genomic,"3,10"
GCA_011187785.1_PDT000639106.1_genomic,"3,10"
GCA_003898015.1_PDT000353165.1_genomic,"3,10"
GCA_015322865.1_PDT000884715.1_genomic,"3,10"
GCA_020391705.1_PDT001146348.1_genomic,"3,10"
GCA_016563445.1_PDT000135604.2_genomic,"3,10"
GCA_016605885.1_PDT000930198.1_genomic,"3,10"
GCA_010254775.1_PDT000447789.1_genomic,"3,10"
GCA_017878585.1_PDT000998354.1_genomic,"3,10"
GCA_007597535.1_PDT000470771.1_genomic,"3,10"
GCA_005620815.1_PDT000390466.1_genomic,"3,10"
GCA_018199195.1_PDT001015929.1_genomic,"3,10"
GCA_010779135.1_PDT000281154.2_genomic,"3,10"
GCA_007773285.1_PDT000342797.1_genomic,"3,10"
GCA_017173435.1_PDT000946162.1_genomic,"3,10"
GCA_001410095.1_9472_3_31_genomic,"3,10"
GCA_010724425.1_PDT000057911.2_genomic,"3,10"
GCA_011690455.1_PDT000688647.1_genomic,"3,10"
GCA_019968135.1_PDT001129384.1_genomic,"3,10"
GCA_014820045.1_PDT000849971.1_genomic,"3,10"
GCA_019180955.1_PDT001084439.1_genomic,"3,10"
GCA_014078465.1_PDT000802923.1_genomic,"3,10"
GCA_007061145.1_PDT000240453.2_genomic,"3,10"
GCA_010803805.1_PDT000656109.1_genomic,"3,10"
GCA_010519995.1_PDT000645979.1_genomic,"3,10"
GCA_013564395.1_PDT000788007.1_genomic,"3,10"
GCA_010690965.1_PDT000174111.2_genomic,"3,10"
GCA_005425875.1_PDT000469254.1_genomic,"3,10"
GCA_020950255.1_PDT001175714.1_genomic,"3,10"
GCA_005950625.1_PDT000068606.3_genomic,"3,10"
GCA_009074605.1_PDT000186830.2_genomic,"3,10"
GCA_017126055.1_PDT000949380.1_genomic,"3,10"
GCA_010495475.1_PDT000197889.2_genomic,"3,10"
GCA_005900625.1_PDT000329810.1_genomic,"3,10"
GCA_004272785.1_PDT000377646.1_genomic,"3,10"
GCA_009174945.1_PDT000609513.1_genomic,"3,10"
GCA_011248015.1_PDT000679531.1_genomic,"3,10"
GCA_010921215.1_PDT000057247.2_genomic,"3,10"
GCA_016131395.1_PDT000918812.1_genomic,"3,10"
GCA_013629755.1_PDT000773799.1_genomic,"3,10"
GCA_002046085.1_ASM204608v1_genomic,"3,10"
GCA_005603915.1_PDT000497598.1_genomic,"3,10"
GCA_014753505.1_PDT000257258.2_genomic,"3,10"
GCA_011436135.1_PDT000644408.1_genomic,"3,10"
GCA_010575225.1_PDT000205238.2_genomic,"3,10"
GCA_008946585.1_PDT000146440.2_genomic,"3,10"
GCA_010559345.1_PDT000069481.2_genomic,"3,10"
GCA_010552665.1_PDT000193462.2_genomic,"3,10"
GCA_008259805.1_PDT000576100.1_genomic,"3,10"
GCA_014755425.1_PDT000192836.2_genomic,"3,10"
GCA_007577405.1_PDT000330908.1_genomic,"3,10"
GCA_010943215.1_PDT000624355.1_genomic,"3,10"
GCA_006006685.1_PDT000509674.1_genomic,"3,10"
GCA_010564405.1_PDT000212569.2_genomic,"3,10"
GCA_013259385.1_ASM1325938v1_genomic,"3,10"
GCA_011737655.1_PDT000712666.1_genomic,"3,10"
GCA_004222765.1_PDT000393200.1_genomic,"3,10"
GCA_003072765.1_ASM307276v1_genomic,"3,10"
GCA_006256575.1_PDT000274652.2_genomic,"3,10"
GCA_008786215.1_PDT000594791.1_genomic,"3,10"
GCA_011273085.1_PDT000672584.1_genomic,"3,10"
GCA_014600255.1_PDT000836910.1_genomic,"3,10"
GCA_008481505.1_PDT000153136.2_genomic,"3,10"
GCA_019431735.1_ASM1943173v1_genomic,"3,10"
GCA_014954165.1_PDT000865524.1_genomic,"3,10"
GCA_015191465.1_PDT000852244.1_genomic,"3,10"
GCA_007838355.1_PDT000128927.2_genomic,"3,10"
GCA_008222905.1_PDT000559670.1_genomic,"3,10"
GCA_005962605.1_PDT000127557.2_genomic,"3,10"
GCA_010866045.1_PDT000654122.1_genomic,"3,10"
GCA_010390615.1_PDT000003656.3_genomic,"3,10"
GCA_008620675.1_PDT000588505.1_genomic,"3,10"
GCA_006939455.1_PDT000182971.2_genomic,"3,10"
GCA_007515425.1_PDT000465521.1_genomic,"3,10"
GCA_008715055.1_PDT000592027.1_genomic,"3,10"
GCA_017689695.1_PDT000997190.1_genomic,"3,10"
GCA_017345215.1_PDT000982897.1_genomic,"3,10"
GCA_003742385.1_PDT000398875.1_genomic,"3,10"
GCA_010580505.1_PDT000297718.2_genomic,"3,10"
GCA_007403865.1_PDT000452754.1_genomic,"3,10"
GCA_007251855.1_PDT000339659.1_genomic,"3,10"
GCA_014790905.1_PDT000848950.1_genomic,"3,10"
GCA_008491245.1_PDT000286397.2_genomic,"3,10"
GCA_010753375.1_PDT000187916.2_genomic,"3,10"
GCA_010970955.1_PDT000068626.2_genomic,"3,10"
GCA_002107415.1_ASM210741v1_genomic,"3,10"
GCA_006650725.1_PDT000336965.1_genomic,"3,10"
GCA_006804465.1_PDT000391643.1_genomic,"3,10"
GCA_017010235.1_PDT000973081.1_genomic,"3,10"
GCA_011466275.1_ASM1146627v1_genomic,"3,10"
GCA_007337635.1_PDT000398078.1_genomic,"3,10"
GCF_041126165.1_ASM4112616v1_genomic,"3,10"
GCA_006433235.1_PDT000522199.1_genomic,"3,10"
GCA_019020965.1_PDT001076298.1_genomic,"3,10"
GCA_011123905.1_PDT000230087.2_genomic,"3,10"
GCA_010392705.1_PDT000122890.2_genomic,"3,10"
GCA_011609065.1_PDT000688230.1_genomic,"3,10"
GCA_011409255.1_PDT000043941.3_genomic,"3,10"
GCA_010679825.1_PDT000184919.2_genomic,"3,10"
GCA_011989205.1_PDT000718064.1_genomic,"3,10"
GCA_009430255.1_PDT000227867.2_genomic,35
GCA_010552385.1_PDT000193588.2_genomic,35
GCA_016058055.1_PDT000913470.1_genomic,35
GCA_006643885.1_PDT000324397.1_genomic,35
GCA_008758455.1_PDT000593976.1_genomic,35
GCA_002049305.1_ASM204930v1_genomic,35
GCA_006954245.1_PDT000177167.2_genomic,35
GCA_005679075.1_PDT000333908.1_genomic,35
GCA_011414315.1_PDT000152249.2_genomic,35
GCA_005589895.1_PDT000479416.1_genomic,35
GCA_006764025.1_PDT000317435.1_genomic,35
GCA_007885565.1_PDT000553108.1_genomic,35
GCA_014603075.1_PDT000836757.1_genomic,35
GCA_017135855.1_PDT000948456.1_genomic,35
GCA_013521735.1_PDT000783870.1_genomic,35
GCA_010494665.1_PDT000281932.2_genomic,35
GCA_010371705.1_PDT000179080.2_genomic,35
GCA_013708975.1_PDT000796075.1_genomic,35
GCA_017362585.1_PDT000985220.1_genomic,35
GCA_006395015.1_PDT000509824.1_genomic,35
GCA_011670965.1_PDT000690573.1_genomic,35
GCA_010373665.1_PDT000132615.2_genomic,35
GCA_013592545.1_PDT000781022.1_genomic,35
GCA_005694755.1_PDT000392750.1_genomic,35
GCA_017127095.1_PDT000949327.1_genomic,35
GCA_009114825.1_PDT000605009.1_genomic,35
GCA_015048285.1_PDT000857604.1_genomic,35
GCA_018799865.1_PDT001064132.1_genomic,35
GCA_013716005.1_PDT000766546.1_genomic,35
GCA_006342545.1_PDT000518460.1_genomic,35
GCA_011349165.1_PDT000678820.1_genomic,35
GCA_019907995.1_PDT001125681.1_genomic,35
GCA_010794975.1_PDT000060060.2_genomic,35
GCA_016580005.1_PDT000120774.2_genomic,35
GCA_005784005.1_PDT000392748.1_genomic,35
GCA_007303775.1_PDT000382894.1_genomic,35
GCA_007265605.1_PDT000342841.1_genomic,35
GCA_005593995.1_PDT000483447.1_genomic,35
GCA_006769325.1_PDT000336756.1_genomic,35
GCA_005450705.1_PDT000388580.1_genomic,35
GCA_017967445.1_PDT001005824.1_genomic,35
GCA_014757235.1_PDT000055513.2_genomic,35
GCA_014646455.1_PDT000839037.1_genomic,35
GCA_008182045.1_PDT000573098.1_genomic,35
GCA_017289695.1_PDT000977054.1_genomic,35
GCA_010134775.1_PDT000275494.2_genomic,35
GCA_005587215.1_PDT000476631.1_genomic,35
GCA_017334485.1_PDT000983663.1_genomic,35
GCA_010627885.1_PDT000247615.2_genomic,35
GCA_013983975.1_PDT000799691.1_genomic,35
GCA_016448805.1_PDT000926180.1_genomic,35
GCA_010369925.1_PDT000043422.5_genomic,35
GCA_011384105.1_PDT000693828.1_genomic,35
GCA_009345795.1_PDT000616494.1_genomic,35
GCA_005737335.1_PDT000480344.1_genomic,35
GCA_010388605.1_PDT000001646.3_genomic,35
GCA_011433995.1_PDT000002150.3_genomic,35
GCA_008875895.1_PDT000122316.2_genomic,35
GCA_008714275.1_PDT000591977.1_genomic,35
GCA_010532495.1_PDT000655945.1_genomic,35
GCA_007013245.1_PDT000350043.1_genomic,35
GCA_005550915.1_PDT000392731.1_genomic,35
GCA_015098495.1_PDT000855773.1_genomic,35
GCA_014907065.1_PDT000861482.1_genomic,35
GCA_015048305.1_PDT000857603.1_genomic,35
GCA_012039795.1_PDT000718808.1_genomic,35
GCA_006773065.1_PDT000347449.1_genomic,35
GCA_006819045.1_PDT000324379.1_genomic,35
GCA_007220185.1_PDT000334068.1_genomic,35
GCA_005474695.1_PDT000426927.1_genomic,35
GCA_010470765.1_PDT000227712.2_genomic,35
GCA_007806475.1_PDT000540375.1_genomic,35
GCA_006645225.1_PDT000329166.1_genomic,35
GCA_020693605.1_PDT001165487.1_genomic,35
GCA_011220855.1_PDT000673958.1_genomic,35
GCA_010394825.1_PDT000053170.2_genomic,35
GCA_010124625.1_PDT000158564.2_genomic,35
GCA_006765965.1_PDT000330017.1_genomic,35
GCA_010694365.1_PDT000043469.5_genomic,35
GCA_006431155.1_PDT000522064.1_genomic,35
GCA_004272085.1_PDT000413161.1_genomic,35
GCA_010380505.1_PDT000245822.2_genomic,35
GCA_007073805.1_PDT000247888.2_genomic,35
GCA_006948105.1_PDT000195522.2_genomic,35
GCA_005544495.1_PDT000386278.1_genomic,35
GCA_019554195.1_PDT001106952.1_genomic,35
GCA_010761115.1_PDT000201997.2_genomic,35
GCA_020356905.1_PDT001145994.1_genomic,35
GCA_008952345.1_PDT000602450.1_genomic,35
GCA_010176655.1_PDT000280494.2_genomic,35
GCA_007043445.1_PDT000232218.2_genomic,35
GCA_007327775.1_PDT000389949.1_genomic,35
GCA_011341125.1_PDT000674102.1_genomic,35
GCA_013646815.1_PDT000772946.1_genomic,35
GCA_011526805.1_PDT000565685.1_genomic,35
GCA_008435505.1_PDT000226885.2_genomic,35
GCA_006004525.1_PDT000509338.1_genomic,35
GCA_008377425.1_PDT000582919.1_genomic,35
GCA_005668535.1_PDT000482648.1_genomic,35
GCA_009345995.1_PDT000616533.1_genomic,35
GCA_005649255.1_PDT000429497.1_genomic,4
GCA_007492765.1_PDT000307579.2_genomic,4
GCA_001955215.1_ASM195521v1_genomic,4
GCA_007203375.1_PDT000311863.2_genomic,4
GCA_008527415.1_PDT000191959.2_genomic,4
GCA_013595335.1_PDT000789536.1_genomic,4
GCA_009124445.1_PDT000184242.2_genomic,4
GCA_015131795.1_PDT000855020.1_genomic,4
GCA_017026995.1_PDT000955092.1_genomic,4
GCA_018989565.1_PDT001074774.1_genomic,4
GCA_006798525.1_PDT000347202.1_genomic,4
GCA_011283405.1_PDT000673964.1_genomic,4
GCF_036349055.1_ASM3634905v1_genomic,4
GCA_005741455.1_PDT000480252.1_genomic,4
GCA_006284935.1_PDT000310929.2_genomic,4
GCA_021057745.1_PDT001195758.1_genomic,4
GCA_007658965.1_PDT000464305.1_genomic,4
GCA_009314695.1_PDT000150356.3_genomic,4
GCA_006532735.1_PDT000532505.1_genomic,4
GCF_002060335.1_ASM206033v1_genomic,4
GCA_014516595.1_PDT000833478.1_genomic,4
GCA_008884965.1_PDT000599283.1_genomic,4
GCA_013652835.1_PDT000771933.1_genomic,4
GCA_006340115.1_PDT000518352.1_genomic,4
GCA_014213575.1_PDT000810275.2_genomic,4
GCA_020188515.1_PDT001140339.1_genomic,4
GCA_009169125.1_PDT000198094.2_genomic,4
GCA_017800355.1_PDT000999422.1_genomic,4
GCA_014972565.1_PDT000864212.1_genomic,4
GCA_007192255.1_PDT000103277.2_genomic,4
GCA_009333875.1_PDT000221482.2_genomic,4
GCA_009282565.1_PDT000212678.2_genomic,4
GCA_015884705.1_PDT000899459.1_genomic,4
GCA_013248205.1_ASM1324820v1_genomic,4
GCA_007315895.1_PDT000380476.1_genomic,4
GCA_013264485.1_ASM1326448v1_genomic,4
GCA_011415455.1_PDT000187095.2_genomic,4
GCA_007374785.1_PDT000417410.1_genomic,4
GCA_006498615.1_PDT000161201.2_genomic,4
GCA_009147365.1_PDT000608011.1_genomic,4
GCA_007675705.1_PDT000475606.1_genomic,4
GCA_017907255.1_PDT001002747.1_genomic,4
GCA_016911155.1_ASM1691115v1_genomic,4
GCA_007226975.1_PDT000123235.2_genomic,4
GCA_011781585.1_PDT000684426.1_genomic,4
GCA_017802615.1_PDT000998584.1_genomic,4
GCA_016129765.1_PDT000918908.1_genomic,4
GCA_020409385.1_PDT001147975.1_genomic,4
GCA_006735805.1_PDT000366678.1_genomic,4
GCA_006602265.1_PDT000353475.1_genomic,4
GCA_007182235.1_PDT000052877.2_genomic,4
GCA_020956115.1_PDT001175510.1_genomic,4
GCA_016244135.1_PDT000920300.1_genomic,4
GCA_013670875.1_PDT000770463.1_genomic,4
GCA_008893965.1_PDT000600361.1_genomic,4
GCA_007697185.1_PDT000544370.1_genomic,4
GCA_020362425.1_PDT001145891.1_genomic,4
GCA_021067705.1_PDT001197064.1_genomic,4
GCA_020961175.1_PDT001183370.1_genomic,4
GCA_016422655.1_ASM1642265v1_genomic,4
GCA_016379745.1_PDT000344750.1_genomic,4
GCA_008846445.1_PDT000105243.2_genomic,4
GCA_013516155.1_PDT000785853.1_genomic,4
GCA_006165105.1_ASM616510v1_genomic,4
GCA_017827135.1_PDT000999989.1_genomic,4
GCA_008365655.1_PDT000058717.2_genomic,4
GCA_007612895.1_PDT000484732.1_genomic,4
GCA_005509585.1_PDT000489486.1_genomic,4
GCA_008068315.1_PDT000039662.3_genomic,4
GCA_013781485.1_PDT000797376.1_genomic,4
GCA_008618655.1_PDT000081377.2_genomic,4
GCA_011612225.1_PDT000287073.2_genomic,4
GCA_013240245.1_ASM1324024v1_genomic,4
GCA_005910965.1_PDT000501138.1_genomic,4
GCA_013220575.1_ASM1322057v1_genomic,4
GCA_009469925.1_PDT000234355.2_genomic,4
GCA_011651445.1_PDT000690631.1_genomic,4
GCA_007438045.1_PDT000474023.1_genomic,4
GCA_007758955.1_PDT000102047.3_genomic,4
GCA_011643785.1_PDT000687186.1_genomic,4
GCA_010178345.1_PDT000281884.2_genomic,4
GCA_006760325.1_PDT000235155.2_genomic,4
GCA_007433865.1_PDT000471335.1_genomic,4
GCA_013212515.1_ASM1321251v1_genomic,4
GCA_006315605.1_PDT000289759.2_genomic,4
GCA_009589965.1_PDT000272595.2_genomic,4
GCA_006253375.1_PDT000266885.2_genomic,4
GCA_016353185.1_PDT000310724.2_genomic,4
GCA_007285695.1_PDT000351166.1_genomic,4
GCA_009297125.1_PDT000214637.2_genomic,4
GCA_008197625.1_PDT000575087.1_genomic,4
GCA_006624285.1_PDT000372406.1_genomic,4
GCA_008953825.1_PDT000602543.1_genomic,4
GCA_014166135.1_PDT000807586.1_genomic,4
GCA_010183285.1_PDT000311711.2_genomic,4
GCA_020919135.1_PDT001177691.1_genomic,4
GCA_003876525.1_PDT000243917.2_genomic,4
GCA_006216705.1_PDT000517485.1_genomic,4
GCA_010382585.1_PDT000198272.2_genomic,4
GCA_011746505.1_PDT000713144.1_genomic,4
GCA_006090135.1_PDT000068416.2_genomic,7
GCA_010543405.1_PDT000152210.2_genomic,7
GCA_011712955.1_PDT000709784.1_genomic,7
GCA_006837505.1_PDT000359592.3_genomic,7
GCA_011729895.1_PDT000710348.1_genomic,7
GCA_015943765.1_PDT000896741.1_genomic,7
GCA_016433925.1_PDT000925759.1_genomic,7
GCA_017371955.1_PDT000985418.1_genomic,7
GCA_011636815.1_PDT000564939.1_genomic,7
GCA_017070835.1_PDT000951280.1_genomic,7
GCA_017611425.1_PDT000992800.1_genomic,7
GCA_020876935.1_PDT001174879.1_genomic,7
GCA_009997865.1_PDT000034445.3_genomic,7
GCA_014049505.1_PDT000801010.1_genomic,7
GCA_007209775.1_PDT000331819.1_genomic,7
GCA_021057585.1_PDT001195762.1_genomic,7
GCA_006977105.1_PDT000329480.1_genomic,7
GCA_009297165.1_PDT000214639.2_genomic,7
GCA_009121465.1_PDT000187785.2_genomic,7
GCA_008747315.1_PDT000572989.2_genomic,7
GCA_006637425.1_PDT000260175.2_genomic,7
GCA_019342805.1_PDT001095485.1_genomic,7
GCA_010565085.1_PDT000056815.2_genomic,7
GCA_010862045.1_PDT000652137.1_genomic,7
GCA_010956795.1_PDT000625296.1_genomic,7
GCA_011149475.1_PDT000297669.2_genomic,7
GCA_010509655.1_PDT000056596.2_genomic,7
GCA_015176305.1_PDT000873724.1_genomic,7
GCA_005586115.1_PDT000470138.1_genomic,7
GCA_006597005.1_PDT000347132.1_genomic,7
GCA_019186125.1_PDT001085741.1_genomic,7
GCA_008739755.1_PDT000099237.2_genomic,7
GCA_013801145.1_PDT000748150.1_genomic,7
GCA_006104595.1_PDT000177678.2_genomic,7
GCA_011096965.1_PDT000054033.2_genomic,7
GCA_010426065.1_PDT000054348.2_genomic,7
GCA_006951805.1_PDT000208316.2_genomic,7
GCA_008438605.1_PDT000263666.2_genomic,7
GCA_003895135.1_PDT000381800.1_genomic,7
GCA_006702565.1_PDT000319533.1_genomic,7
GCA_006016815.1_PDT000052418.2_genomic,7
GCA_005896545.1_PDT000393139.1_genomic,7
GCA_019874165.1_PDT001122800.1_genomic,7
GCA_008046055.1_PDT000037352.3_genomic,7
GCA_007069705.1_PDT000245567.2_genomic,7
GCA_007812075.1_PDT000542746.1_genomic,7
GCA_019006685.1_PDT001075976.1_genomic,7
GCA_007533945.1_PDT000484242.1_genomic,7
GCA_006998705.1_PDT000342017.1_genomic,7
GCA_006942745.1_PDT000184975.2_genomic,7
GCF_047981265.1_ASM4798126v1_genomic,7
GCA_014262765.1_PDT000817003.1_genomic,7
GCA_010947715.1_PDT000566866.1_genomic,7
GCA_007373765.1_PDT000415738.1_genomic,7
GCA_018454165.1_PDT001044788.1_genomic,7
GCA_008689065.1_ASM868906v1_genomic,7
GCA_020703455.1_PDT001166417.1_genomic,7
GCA_005667875.1_PDT000482280.1_genomic,7
GCA_007299735.1_PDT000380002.1_genomic,7
GCA_015443745.1_PDT000888733.1_genomic,7
GCA_011095345.1_PDT000052946.2_genomic,7
GCA_008887085.1_PDT000599358.1_genomic,7
GCA_006847415.1_PDT000039179.2_genomic,7
GCA_006599865.1_PDT000350906.1_genomic,7
GCA_006011325.1_PDT000039103.2_genomic,7
GCA_013635285.1_PDT000773538.1_genomic,7
GCA_020902015.1_PDT001177893.1_genomic,7
GCA_008615655.1_PDT000081237.2_genomic,7
GCA_009163105.1_PDT000192973.2_genomic,7
GCA_005827065.1_PDT000447390.1_genomic,7
GCA_011286945.1_PDT000682041.1_genomic,7
GCA_006664765.1_PDT000356376.1_genomic,7
GCA_020275465.1_PDT001144567.1_genomic,7
GCA_006550575.1_PDT000353912.1_genomic,7
GCA_015127015.1_PDT000871646.1_genomic,7
GCA_019918465.1_PDT001125977.1_genomic,7
GCA_013874895.1_PDT000798093.1_genomic,7
GCA_007278435.1_PDT000349744.1_genomic,7
GCA_010557205.1_PDT000050284.2_genomic,7
GCA_005459545.1_PDT000405217.1_genomic,7
GCA_006113985.1_PDT000213034.2_genomic,7
GCA_011413095.1_PDT000098918.2_genomic,7
GCA_006133895.1_PDT000232898.2_genomic,7
GCA_007682865.1_PDT000476379.1_genomic,7
GCA_008816435.1_PDT000598235.1_genomic,7
GCA_006641345.1_PDT000318549.1_genomic,7
GCA_005980145.1_PDT000176304.2_genomic,7
GCA_006486785.1_PDT000526279.1_genomic,7
GCA_019288895.1_PDT001092708.1_genomic,7
GCA_019133875.1_PDT001082071.1_genomic,7
GCA_015115695.1_PDT000855421.1_genomic,7
GCA_008524325.1_PDT000135105.2_genomic,7
GCA_006730845.1_PDT000364119.1_genomic,7
GCA_010573825.1_PDT000297638.2_genomic,7
GCA_013672495.1_PDT000770379.1_genomic,7
GCA_011498565.1_PDT000706150.1_genomic,7
GCA_020670925.1_ASM2067092v1_genomic,7
GCA_002200715.1_ASM220071v1_genomic,7
GCF_014712625.1_ASM1471262v1_genomic,7
GCA_006248195.1_PDT000257033.2_genomic,7
GCA_018101655.1_PDT001009118.1_genomic,8
GCA_006968185.1_PDT000211413.2_genomic,8
GCA_009354675.1_PDT000617067.1_genomic,8
GCA_007085545.1_PDT000258107.2_genomic,8
GCA_006049675.1_PDT000206651.2_genomic,8
GCA_006666885.1_PDT000357425.1_genomic,8
GCA_010478935.1_PDT000645981.1_genomic,8
GCA_020221355.1_PDT001143205.1_genomic,8
GCA_017925455.1_PDT001004599.1_genomic,8
GCA_008994315.1_PDT000158517.2_genomic,8
GCA_005420775.1_PDT000412387.1_genomic,8
GCA_008699925.1_PDT000241510.2_genomic,8
GCA_008639065.1_PDT000082256.2_genomic,8
GCA_014247045.1_PDT000814925.1_genomic,8
GCA_010393365.1_PDT000131183.2_genomic,8
GCA_018773465.1_PDT001063035.1_genomic,8
GCA_011787875.1_PDT000684693.1_genomic,8
GCA_005590495.1_PDT000480108.1_genomic,8
GCA_009471945.1_PDT000235109.2_genomic,8
GCA_007633595.1_PDT000286885.2_genomic,8
GCA_005532495.1_PDT000002703.2_genomic,8
GCA_005554055.1_PDT000403412.1_genomic,8
GCA_005980525.1_PDT000173408.2_genomic,8
GCA_017352955.1_PDT000983351.1_genomic,8
GCA_013091875.1_PDT000735080.1_genomic,8
GCA_006558965.1_PDT000331964.1_genomic,8
GCA_020078265.1_PDT001134139.1_genomic,8
GCA_003770925.1_PDT000402989.1_genomic,8
GCA_008077695.1_PDT000056669.2_genomic,8
GCA_010573765.1_PDT000213106.2_genomic,8
GCA_007536235.1_PDT000500649.1_genomic,8
GCA_008884735.1_PDT000599206.1_genomic,8
GCA_019021665.1_PDT001076258.1_genomic,8
GCA_016347925.1_PDT000922679.1_genomic,8
GCA_015856285.1_PDT000903223.1_genomic,8
GCA_008742435.1_PDT000099637.2_genomic,8
GCA_019785705.1_PDT001117263.1_genomic,8
GCA_005749955.1_PDT000494216.1_genomic,8
GCA_011353205.1_PDT000673033.1_genomic,8
GCA_009585085.1_PDT000269425.2_genomic,8
GCA_009566815.1_PDT000258228.2_genomic,8
GCA_007809135.1_PDT000542007.1_genomic,8
GCA_005526455.1_PDT000392604.1_genomic,8
GCA_009253645.1_PDT000213080.2_genomic,8
GCA_021075325.1_PDT001197478.1_genomic,8
GCA_006971405.1_PDT000213165.2_genomic,8
GCA_009319195.1_PDT000216479.2_genomic,8
GCA_006035145.1_PDT000201081.2_genomic,8
GCA_008263535.1_PDT000576771.1_genomic,8
GCA_011182495.1_PDT000634386.1_genomic,8
GCA_011425125.2_SMRTLINK_genomic,8
GCA_016942955.1_PDT000972074.1_genomic,8
GCA_005979265.1_PDT000163817.2_genomic,8
GCA_013564655.1_PDT000787983.1_genomic,8
GCF_022603875.1_ASM2260387v1_genomic,8
GCA_001474305.1_Salmonella_enterica_CVM_43768_v1.0_genomic,8
GCA_014132955.1_PDT000806110.1_genomic,8
GCA_008533495.1_PDT000268918.2_genomic,8
GCA_009314315.1_PDT000094133.3_genomic,8
GCA_013117465.1_PDT000740511.1_genomic,8
GCA_019473005.1_PDT001104333.1_genomic,8
GCA_008750355.1_PDT000099699.2_genomic,8
GCA_011563105.1_PDT000288675.2_genomic,8
GCA_008925165.1_PDT000139604.2_genomic,8
GCA_019954995.1_PDT001126610.1_genomic,8
GCA_010865645.1_PDT000642332.1_genomic,8
GCA_006549935.1_PDT000350925.1_genomic,8
GCA_006866725.1_PDT000049964.2_genomic,8
GCA_018626795.1_PDT001057175.1_genomic,8
GCA_011522685.1_PDT000053612.3_genomic,8
GCA_007744835.1_PDT000045933.4_genomic,8
GCA_007039555.1_PDT000231183.2_genomic,8
GCA_007230235.1_PDT000081556.5_genomic,8
GCA_011437935.1_PDT000053537.3_genomic,8
GCA_007028605.1_PDT000224281.2_genomic,8
GCA_009563845.1_PDT000254454.2_genomic,8
GCA_017335825.1_PDT000983575.1_genomic,8
GCA_011575845.1_PDT000105417.2_genomic,8
GCA_007509425.1_PDT000458275.1_genomic,8
GCA_020225375.1_PDT001142765.1_genomic,8
GCA_014659595.1_PDT000840566.1_genomic,8
GCA_011565025.1_PDT000628384.1_genomic,8
GCA_006870365.1_PDT000060152.3_genomic,8
GCA_003910235.1_PDT000337342.1_genomic,8
GCA_016440465.1_PDT000925402.1_genomic,8
GCA_006778325.1_PDT000353849.1_genomic,8
GCA_020189695.1_PDT001140447.1_genomic,8
GCA_011182035.1_PDT000632110.1_genomic,8
GCA_013659015.1_PDT000771451.1_genomic,8
GCA_009758535.1_ASM975853v1_genomic,8
GCA_015877725.1_PDT000901033.1_genomic,8
GCA_013552695.1_PDT000783560.1_genomic,8
GCA_019498625.1_PDT001106183.1_genomic,8
GCA_015439465.1_PDT000888969.1_genomic,8
GCA_008439045.1_PDT000297461.2_genomic,8
GCA_013652275.1_PDT000771972.1_genomic,8
GCF_041126505.1_ASM4112650v1_genomic,8
GCA_014691795.1_PDT000841534.1_genomic,8
GCA_006695405.1_PDT000086549.3_genomic,8
GCA_006343215.1_PDT000518533.1_genomic,8
GCA_007643935.1_PDT000311373.2_genomic,9
GCA_007620035.1_PDT000539454.1_genomic,9
GCA_013548155.1_PDT000789839.1_genomic,9
GCA_004264925.1_PDT000237995.2_genomic,9
GCA_010543685.1_PDT000185630.2_genomic,9
GCA_016321005.1_PDT000240772.2_genomic,9
GCA_008859215.1_PDT000599945.1_genomic,9
GCA_006216545.1_PDT000517439.1_genomic,9
GCA_017266575.1_PDT000896370.1_genomic,9
GCA_007576145.1_PDT000315160.2_genomic,9
GCA_007380305.1_PDT000418722.1_genomic,9
GCA_008396315.1_PDT000584831.1_genomic,9
GCA_011521365.1_PDT000295951.2_genomic,9
GCA_011552775.1_PDT000281459.2_genomic,9
GCA_011201895.1_PDT000668823.1_genomic,9
GCA_005855685.1_PDT000492029.1_genomic,9
GCA_014831395.1_ASM1483139v1_genomic,9
GCA_020706355.1_PDT001166756.1_genomic,9
GCF_002056375.1_ASM205637v1_genomic,9
GCF_045504895.1_ASM4550489v1_genomic,9
GCA_003743965.1_PDT000398811.1_genomic,9
GCA_017278735.1_PDT000842229.1_genomic,9
GCA_015294145.1_PDT000883339.1_genomic,9
GCA_006266955.1_PDT000289568.2_genomic,9
GCA_011164555.1_PDT000314800.2_genomic,9
GCA_006467365.1_PDT000523950.1_genomic,9
GCA_006825265.1_PDT000351328.1_genomic,9
GCA_011570565.1_PDT000299210.2_genomic,9
GCA_005938945.1_PDT000041032.2_genomic,9
GCA_014119985.1_PDT000805985.1_genomic,9
GCA_014995345.1_PDT000866260.1_genomic,9
GCA_006554405.1_PDT000201493.2_genomic,9
GCA_009069635.1_PDT000185730.2_genomic,9
GCA_012283085.1_PDT000721282.1_genomic,9
GCA_011094105.1_PDT000053005.2_genomic,9
GCA_009032105.1_PDT000180507.2_genomic,9
GCA_020972365.1_PDT001183430.1_genomic,9
GCA_014587535.1_PDT000724498.1_genomic,9
GCA_007089225.1_PDT000260412.2_genomic,9
GCA_010920795.1_PDT000634797.1_genomic,9
GCA_019680355.1_PDT001110820.1_genomic,9
GCA_013829585.1_PDT000730904.2_genomic,9
GCA_007881905.1_PDT000551745.1_genomic,9
GCA_008022435.1_PDT000043626.4_genomic,9
GCA_010978975.1_PDT000301559.2_genomic,9
GCA_010928595.1_PDT000298836.2_genomic,9
GCA_001366435.1_10493_1_44_genomic,9
GCA_010650905.1_PDT000256419.2_genomic,9
GCA_010509015.1_PDT000043285.5_genomic,9
GCA_020415005.1_PDT001147638.1_genomic,9
GCA_016325185.1_PDT000259999.2_genomic,9
GCA_014504475.1_PDT000831098.1_genomic,9
GCA_017061915.1_PDT000951841.1_genomic,9
GCA_016318845.1_PDT000286393.2_genomic,9
GCA_011424325.1_PDT000247781.2_genomic,9
GCA_003901305.1_PDT000379201.1_genomic,9
GCA_009594285.1_PDT000274593.2_genomic,9
GCA_007634795.1_PDT000294235.2_genomic,9
GCA_016255905.1_PDT000556407.1_genomic,9
GCA_013222655.1_ASM1322265v1_genomic,9
GCA_015373325.1_PDT000887969.1_genomic,9
GCA_007394375.1_PDT000432303.1_genomic,9
GCA_016740615.1_PDT000931106.1_genomic,9
GCA_007440405.1_PDT000475634.1_genomic,9
GCA_006655185.1_PDT000347436.1_genomic,9
GCA_008138625.1_PDT000569905.1_genomic,9
GCA_012040235.1_PDT000718796.1_genomic,9
GCA_014150165.1_PDT000806711.1_genomic,9
GCA_015658045.1_PDT000895948.1_genomic,9
GCA_010704845.1_PDT000053217.2_genomic,9
GCA_006533655.1_PDT000532648.1_genomic,9
GCA_006750585.1_PDT000488869.2_genomic,9
GCA_010991615.1_PDT000299006.2_genomic,9
GCA_009060865.1_PDT000180571.2_genomic,9
GCA_011490045.1_PDT000682506.1_genomic,9
GCA_006793235.1_PDT000367904.1_genomic,9
GCA_019541735.1_PDT001106882.1_genomic,9
GCA_008103865.1_PDT000057801.2_genomic,9
GCA_009434555.1_PDT000231560.2_genomic,9
GCA_013631475.1_PDT000773758.1_genomic,9
GCA_006948085.1_PDT000197097.2_genomic,9
GCA_008965015.1_PDT000603324.1_genomic,9
GCA_019899905.1_PDT001125183.1_genomic,9
GCA_016967395.1_PDT000970078.1_genomic,9
GCA_005979105.1_PDT000168345.2_genomic,9
GCA_009233025.1_PDT000611648.1_genomic,9
GCA_006038615.1_PDT000173500.2_genomic,9
GCA_006579105.1_PDT000322189.1_genomic,9
GCA_001149025.1_10592_2_7_genomic,9
GCA_008719015.1_PDT000592408.1_genomic,9
GCA_005817385.1_PDT000418619.1_genomic,9
GCA_016351565.1_PDT000922493.1_genomic,9
GCA_010286005.1_PDT000580873.1_genomic,9
GCA_009350495.1_PDT000616923.1_genomic,9
GCA_018017595.1_PDT000990510.1_genomic,9
GCA_017067455.1_PDT000951475.1_genomic,9
GCA_011154995.1_PDT000307947.2_genomic,9
GCA_020064415.1_PDT001131418.1_genomic,9
GCA_020584715.1_PDT001157843.3_genomic,9
GCA_006949545.1_PDT000198939.2_genomic,9
GCA_008823945.1_PDT000598874.1_genomic,"9,46"
GCA_011789005.1_PDT000684708.1_genomic,"9,46"
GCA_014561615.1_PDT000730797.1_genomic,"9,46"
GCA_007048585.1_PDT000235105.2_genomic,"9,46"
GCA_006036705.1_PDT000154722.2_genomic,"9,46"
GCA_015443845.1_PDT000888727.1_genomic,"9,46"
GCA_006013755.1_PDT000047649.2_genomic,"9,46"
GCA_006766895.1_PDT000333686.1_genomic,"9,46"
GCA_011600375.1_PDT000623813.1_genomic,"9,46"
GCA_007638545.1_PDT000300470.2_genomic,"9,46"
GCA_020693405.1_PDT001165497.1_genomic,"9,46"
GCA_006942385.1_PDT000183001.2_genomic,"9,46"
GCA_013811345.1_PDT000747592.1_genomic,"9,46"
GCA_011156415.1_PDT000311522.2_genomic,"9,46"
GCA_020692165.1_PDT001165522.1_genomic,"9,46"
GCA_008844765.1_PDT000068795.3_genomic,"9,46"
GCA_008387815.1_PDT000583848.1_genomic,"9,46"
GCA_005965125.1_PDT000133903.2_genomic,"9,46"
GCA_010401325.1_PDT000240780.2_genomic,"9,46"
GCA_020912485.1_PDT001179296.1_genomic,"9,46"
GCA_018393435.1_PDT001040436.1_genomic,"9,46"
GCA_020692185.1_PDT001165521.1_genomic,"9,46"
GCA_006867045.1_PDT000050525.2_genomic,"9,46"
GCA_005411315.1_PDT000191934.2_genomic,"9,46"
GCA_007486245.1_PDT000293163.2_genomic,"9,46"
GCA_020202315.1_PDT001140376.1_genomic,"9,46"
GCA_007484365.1_PDT000292479.2_genomic,"9,46"
GCA_006829405.1_PDT000356994.1_genomic,"9,46"
GCA_006879365.1_PDT000087424.2_genomic,"9,46"
GCA_008375725.1_PDT000582858.1_genomic,"9,46"
GCA_009384215.1_PDT000618120.1_genomic,"9,46"
GCA_014566655.1_PDT000729118.1_genomic,"9,46"
GCA_002046495.1_ASM204649v1_genomic,"9,46"
GCA_008401655.1_PDT000585976.1_genomic,"9,46"
GCA_008371995.1_PDT000582833.1_genomic,"9,46"
GCA_015008135.1_PDT000859344.1_genomic,"9,46"
GCA_016465635.1_PDT000927385.1_genomic,"9,46"
GCA_007471255.1_PDT000545234.1_genomic,"9,46"
GCA_019256285.1_PDT001088119.1_genomic,"9,46"
GCA_006847325.1_PDT000037245.2_genomic,"9,46"
GCA_005943025.1_PDT000047651.2_genomic,"9,46"
GCA_006913575.1_PDT000167567.2_genomic,"9,46"
GCA_010503175.1_PDT000125400.2_genomic,"9,46"
GCA_006103855.1_PDT000171611.2_genomic,"9,46"
GCA_015218405.1_PDT000876835.1_genomic,"9,46"
GCA_020759355.1_PDT001168654.1_genomic,"9,46"
GCA_003875475.1_PDT000134557.2_genomic,"9,46"
GCA_011644935.1_PDT000687406.1_genomic,"9,46"
GCA_005605065.1_PDT000499423.1_genomic,"9,46"
GCA_007640645.1_PDT000308737.2_genomic,"9,46"
GCA_008660415.1_PDT000589481.1_genomic,"9,46"
GCA_013440375.1_PDT000793236.1_genomic,"9,46"
GCA_006027935.1_PDT000069328.3_genomic,"9,46"
GCA_005571615.1_PDT000430689.1_genomic,"9,46"
GCA_006927815.1_PDT000191729.2_genomic,"9,46"
GCA_010971375.1_PDT000077104.3_genomic,"9,46"
GCA_006939035.1_PDT000168605.2_genomic,"9,46"
GCA_005973805.1_PDT000157371.2_genomic,"9,46"
GCA_006489655.1_PDT000042432.2_genomic,"9,46"
GCA_008377145.1_PDT000582926.1_genomic,"9,46"
GCA_005842045.1_PDT000479541.1_genomic,"9,46"
GCA_013662775.1_PDT000770969.1_genomic,"9,46"
GCA_006922695.1_PDT000171748.2_genomic,"9,46"
GCA_007603695.1_PDT000473956.1_genomic,"9,46"
GCA_015878085.1_PDT000901035.1_genomic,"9,46"
GCA_007225315.1_PDT000335859.1_genomic,"9,46"
GCA_010616285.1_PDT000661913.1_genomic,"9,46"
GCA_010397165.1_PDT000135708.2_genomic,"9,46"
GCA_006838365.1_PDT000484740.2_genomic,"9,46"
GCA_011329925.1_PDT000649179.1_genomic,"9,46"
GCA_010536315.1_PDT000034017.2_genomic,"9,46"
GCA_010948575.1_PDT000631218.1_genomic,"9,46"
GCA_005517685.1_PDT000499486.1_genomic,"9,46"
GCA_006907805.1_PDT000141616.2_genomic,"9,46"
GCA_006097815.1_PDT000133873.2_genomic,"9,46"
GCA_007442865.1_PDT000479724.1_genomic,"9,46"
GCA_006622865.1_PDT000368518.1_genomic,"9,46"
GCA_014758485.1_PDT000062122.3_genomic,"9,46"
GCA_010471125.1_PDT000221160.2_genomic,"9,46"
GCA_005810105.1_PDT000412143.1_genomic,"9,46"
GCA_008603565.1_PDT000588267.1_genomic,"9,46"
GCA_010926575.1_PDT000566636.1_genomic,"9,46"
GCA_017270575.1_PDT000976956.1_genomic,"9,46"
GCA_006481345.1_PDT000525713.1_genomic,"9,46"
GCA_003902355.1_PDT000389988.1_genomic,"9,46"
GCA_017906435.1_PDT001002799.1_genomic,"9,46"
GCA_016349765.1_PDT000922599.1_genomic,"9,46"
GCA_012042215.1_PDT000718596.1_genomic,"9,46"
GCA_006122135.1_PDT000224596.2_genomic,"9,46"
GCA_006750705.1_PDT000488870.2_genomic,"9,46"
GCA_006490075.1_PDT000044681.2_genomic,"9,46"
GCA_020489875.1_PDT001150472.1_genomic,"9,46"
GCA_012028365.1_ASM1202836v1_genomic,"9,46"
GCA_005530155.1_PDT000483754.1_genomic,"9,46"
GCA_005647895.1_PDT000429189.1_genomic,"9,46"
GCA_013756155.1_PDT000760406.1_genomic,"9,46"
GCA_005667125.1_PDT000480763.1_genomic,"9,46"
GCA_005942985.1_PDT000047639.2_genomic,"9,46"
GCA_010623065.1_PDT000222411.2_genomic,"9,46"
GCA_020693645.1_PDT001165485.1_genomic,"9,46"
